{
    "token_per_second": 109.51826606511678,
    "Bleu Score": 0.06286875243690014,
    "ROUGE-L Score": 0.17234016985187228,
    "BERT Score(F1)": 0.8542223068627905,
    "GEval Score": 0.7760797489542432
}